step,Blueprint,Run (no clipping) + resolving,"Fork, value ratios clipped at 1 + resolving","Fork, value ratios clipped at 2 + resolving"
1000,2.810845807254001,1.268808655268999,,
2000,2.158925801446404,0.684835743905604,,
3000,1.6147087752045894,0.9573397340100286,,
4000,1.2597058109262906,1.103757460121252,,
5000,1.1258902727037072,0.956132670542434,,
6000,1.1056822179916788,1.0368495998951825,,
7000,1.13518496597331,0.9110959918448308,,
8000,1.1258370434072873,0.8549095152037249,,
9000,1.0881979871553684,0.8299980119833653,,
10000,1.3122551196141516,0.8455432623910988,,
11000,1.4414622960212802,0.8604346613164982,,
12000,1.5286336515382595,0.6291182529151816,,
13000,1.7689949387246435,0.7189660613735229,,
14000,1.803488942793589,0.7304798629832995,,
15000,1.8670781986839617,0.7270762453704522,0.7270762453704522,0.7270762453704522
16000,1.9162393673216354,0.7395226813912349,0.6905513399465728,0.7392254844503581
17000,1.7968133249903895,0.698789761540862,0.6976538368899867,0.7046587832661786
18000,1.5913673350427222,0.6944471276369106,0.7106439922180445,0.7102236512003746
19000,1.3101324684528395,0.729107724025524,0.6924803090868082,0.6887973397537134
20000,1.214330080932604,0.7559256754701656,0.6356638139604541,0.6831539783273436
21000,1.1333989118209018,0.7872986561663073,0.5695777101854432,0.7143687601499108
22000,1.0643038482616805,0.7411079983730722,0.5058006234700968,0.6389266904072473
23000,1.046311479880277,0.8136060049197743,0.6135008560193829,0.6133597084743511
24000,1.0229975813881802,0.8113004745942443,0.6205254322612601,0.6500156948248875
25000,0.9505517302394135,0.8410551748372189,0.6390090752214835,0.5786879531914415
26000,1.0073590776725279,0.8829895533264394,0.4357865528397459,0.5408379693884516
27000,1.0315005050120698,0.8387848396047949,0.41958672966815647,0.5194142110794763
28000,1.0452897250005015,0.8027070112836244,0.39164540313799745,0.5529339801523944
29000,1.0270820089556056,0.7932946575522106,0.47626154887789884,0.592751709382747
30000,0.98193814353574,0.8281505598978587,0.508635716692758,0.5410168193440745
