step,Blueprint,"HullCover (k=11, matrix valued) + resolving","SePoT (K=11, multi valued) + resolving"
1000,2.810845807254001,1.8818192297650373,1.268808655268999
2000,2.158925801446404,1.7696540899067643,0.684835743905604
3000,1.6147087752045894,1.9314980512258706,0.9573397340100286
4000,1.2597058109262906,1.4438502151250185,1.103757460121252
5000,1.1258902727037072,0.961765185327288,0.956132670542434
6000,1.1056822179916788,0.6439199991261946,1.0368495998951825
7000,1.13518496597331,0.6103062067126127,0.9110959918448308
8000,1.1258370434072873,0.610974047303688,0.8549095152037249
9000,1.0881979871553684,0.5821839346888663,0.8299980119833653
10000,1.3122551196141516,0.5651336523187023,0.8455432623910988
